<Day><Event><Date year="2017" month="09" day="02"></Date><Name>whatever</Name><ToDoList /><StartTime><Hours>1</Hours><Minutes>00</Minutes></StartTime><EndTime><Hours>5</Hours><Minutes>00</Minutes></EndTime><Tag>Birthday</Tag><AlarmTimes><alarm value="False"></alarm><alarm value="False"></alarm><alarm value="False"></alarm><alarm value="False"></alarm><alarm value="False"></alarm><alarm value="True"></alarm><alarm value="False"></alarm><alarm value="False"></alarm><alarm value="False"></alarm><alarm value="False"></alarm><alarm value="False"></alarm></AlarmTimes></Event></Day>